{
    "rmse": 0.6869168414584119,
    "mae": 0.5473859187552683,
    "r2": 0.2514994494302014
}