{
    "rmse": 0.6985470546980719,
    "mae": 0.5560028578986099,
    "r2": 0.29458273005379365
}